ingredient_id,canonical_name,contains_gluten,contains_egg,contains_dairy,serving_qty,serving_unit_norm,serving_size,calories_kcal,protein_g,total_fat_g,saturated_fat_g,total_carbs_g,sugars_g,fiber_g,sodium_mg,calcium_mg,iron_mg,potassium_mg,vitamin_c_mg,nutrition_source,nutrition_notes,unit_factor_from_unit_norm,unit_factor_to_unit_norm,unit_factor,unit_factor_source,unit_factor_notes,portion_unit,portion_grams,portion_source,portion_notes
acorn-squash,Acorn squash,false,false,false,1,cup,1 cup cubes (140g),56,1.1,0.1,0,15,0,2.3,4,0,0,0,0,USDA (acorn squash),Per 1 cup cubes (140g).,count,cup,2,USDA (acorn squash),Approx 1 acorn squash ≈ 2 cups cubes.,,,,
active-dry-yeast,Active dry yeast,false,false,false,1,count,1 packet (7g),23,3,0.3,0,2.8,0.3,1.9,4,4,0.3,32,0,USDA,Per 1 packet (7g).,tsp,count,0.44,USDA (active dry yeast),1 packet ≈ 2.25 tsp; 1 tsp ≈ 0.44 packet.,,,,
almond-extract,Almond extract,false,false,false,1,tsp,1 tsp (4.2g),12,0,0,0,0.5,0.5,0,0,0,0,0,0,(similar to vanilla),Per 1 tsp (4.2g).,,,,,,,,,
almond-flour,Almond flour,false,false,false,1,cup,1 cup (96g),640,24,56,4,22,4,12,0,0,0,0,0,Bob’s (almond flour),Per 1 cup (96g).,,,,,,,,,
almonds,Almonds,false,false,false,1,oz,1 oz (28g),165,6,14,1.1,6,1.2,3.5,0.28,76.4,1.1,208.2,0,USDA,"Per 1 oz (28g), raw.",cup,oz,5,USDA (almonds),Approx 1 cup whole almonds ≈ 5 oz.,,,,
american-cheese,American cheese,false,false,true,1,oz,1 slice (20g),75,3.7,6.3,3.6,1,1,0,350,200,0.1,20,0,Label,processed slice,,,,,,,,,
apple-cider,Apple cider,false,false,false,1,cup,1 cup (240ml),120,0,0,0,30,24,0,10,0,0,0,0,WebMD (apple cider),Per 1 cup (240ml).,,,,,,ml,1.0,USDA (apple juice density),Approx 1 ml ≈ 1 g.
aquafaba,Aquafaba,false,false,false,1,tbsp,1 Tbsp,3,0.2,0,0,0.3,0,0,20,0,0,5,0,USDA,chickpea brine,,,,,,,,,
baby-potatoes,Baby potatoes,false,false,false,1,count,1 small (50g),40,1,0,0,9,1,1,0,0,0,210,0,Fitia (baby potato),"Per 1 small potato (50g), raw with skin.",lb,count,15,Fitia (baby potato),Approx 15 baby potatoes per lb (30g each).,,,,
baking-powder,Baking powder,false,false,false,1,tsp,1 tsp (4.6g),2.4,0,0,0,1.1,0,0,363,0,0,0,0,USDA (baking powder),Per 1 tsp (4.6g).,,,,,,,,,
baking-soda,Baking soda,false,false,false,1,tsp,1 tsp (5g),0,0,0,0,0,0,0,1260,0,0,0,0,USDA (baking soda),Per 1 tsp (5g).,,,,,,,,,
basic-roll-dough,Basic Roll Dough,true,true,true,1,oz,1 oz,70,2,1,0.3,13,2,0.5,150,10,0.4,20,0,USDA,yeast bread dough,,,,,,,,,
bay-leaf,Bay leaf,false,false,false,1,count,1 leaf (~0.6g),2,0,0,0,0.5,0,0.3,0,0,0,0,0,USDA (spices),Per 1 leaf (~0.6g).,,,,,,,,,
beef,Beef,false,false,false,1,lb,1 lb,970,75,64,24,0,0,0,100,0,0,0,0,USDA (85% lean beef),Per 1 lb.,,,,,,,,,
beef-broth,Beef broth,false,false,false,1,cup,1 cup (240ml),10,2,0,0,0,0,0,830,0,0,0,0,Campbell’s (broth),Per 1 cup (240ml).,,,,,,ml,1.0,USDA (broth density),Approx 1 ml ≈ 1 g.
beef_bouillon,Beef bouillon,false,false,false,1,cube,1 cube (prepared 1 cup),10,1,0,0,1,1,0,900,0,0,0,0,USDA (beef bouillon),Per 1 cube (prepared 1 cup).,,,,,,,,,
black-pepper,Black pepper,false,false,false,1,tsp,1 tsp,5,0.2,0.1,0,1.3,0,0.5,1,0,0,0,0,(duplicate entry),Per 1 tsp (2g).,,,,,,tsp,2.3,USDA (ground black pepper),Approx 1 tsp ground black pepper.
bread-crumbs,Bread crumbs,true,false,false,1,cup,1 cup (120g),427,14.4,6,1.2,78,7,5.3,736,0,0,0,0,USDA (bread crumbs),Per 1 cup (120g).,,,,,,,,,
brisket,Beef brisket,false,false,false,1,lb,1 lb (raw),980,80,72,30,0,0,0,0,0,0,0,0,USDA (brisket raw avg.),Per 1 lb (raw).,,,,,,,,,
brown-rice,Brown rice,false,false,false,1,cup,1 cup (185g),685,14.7,5.2,1.1,142,0.7,7.4,14,0,0,0,0,USDA (uncooked brown rice),Per 1 cup (185g).,,,,,,,,,
brown-sugar,Brown sugar,false,false,false,1,tbsp,1 Tbsp (12g),50,0,0,0,12,12,0,2,0,0,0,0,Verywell (brown sugar),Per 1 Tbsp (12g).,,,,,,,,,
butter,Butter,false,false,true,1,tbsp,1 Tbsp,102,0.1,11.5,7.3,0,0,0,82,0,0,0,0,(duplicate entry),Per 1 Tbsp (14g).,,,,,,,,,
butternut-squash,Butternut squash,false,false,false,1,cup,1 cup cubes (140g),63,1.4,0.1,0,16,3.1,2.8,6,0,0,0,0,USDA (butternut squash),Per 1 cup cubes (140g).,count,cup,4,USDA (butternut squash),Approx 1 medium squash ≈ 4 cups cubes.,,,,
canadian-bacon,Canadian bacon,false,false,false,1,count,1 slice (28g),40,7,0.5,0.2,1,0,0,250,0,0,0,0,USDA (lean ham),Per 1 slice (28g).,cup,count,5,USDA (lean ham),Approx 1 cup diced ≈ 5 slices.,,,,
canned-chicken,Canned chicken,false,false,false,1,count,12.5 oz can,315,60,7,2,0,0,0,1000,20,1.5,300,0,USDA,drained,,,,,,,,,
carrot,Carrot,false,false,false,1,count,1 medium (61g),25,0.6,0.1,0,6,2.9,1.7,42,0,0,0,0,USDA (medium carrot),Per 1 medium (61g).,lb,count,7.4,USDA (carrot),Approx 7.4 medium carrots per lb.,,,,
cauliflower-rice,Cauliflower rice,false,false,false,1,cup,1 cup (107g),25,2,0.2,0,5,2,2.5,30,0,0,0,0,USDA (cauliflower),Per 1 cup (107g).,,,,,,,,,
cayenne-pepper,Cayenne pepper,false,false,false,1,tsp,1 tsp (1.8g),6,0.2,0.3,0.1,1.4,0.5,0.5,1,0,0,0,0,USDA (spices),Per 1 tsp (1.8g).,,,,,,,,,
celery,Celery,false,false,false,1,count,1 stalk (40g),6,0.3,0.1,0,1.2,0.5,0.6,32,0,0,0,0,USDA (raw celery),Per 1 stalk (40g).,cup,count,2.5,USDA (celery),Approx 1 cup chopped ≈ 2.5 stalks.,,,,
celery-salt,Celery salt,false,false,false,1,tsp,1 tsp,0,0,0,0,0,0,0,1160,16,0.4,0,0,USDA,mostly salt (high sodium),,,,,,,,,
cheddar-cheese,Cheddar cheese,false,false,true,1,oz,1 oz (28g),114,7.1,9.4,6,0.4,0.1,0,176,204,0,0,0,USDA (cheddar cheese),Per 1 oz (28g).,cup,oz,4,USDA (cheddar cheese),Approx 1 cup shredded cheddar ≈ 4 oz.,,,,
cheddar-mozzarella-cheese,Cheddar mozzarella cheese blend,false,false,true,1,oz,1 oz (28g),92,6,6.5,3.8,0.5,0.2,0,180,0,0,0,0,Est. (half cheddar/half mozz),Per 1 oz blend (approx).,oz,cup,0.25,USDA (shredded cheese),Approx 4 oz shredded cheese ≈ 1 cup.,,,,
cheese,Cheese,false,false,true,1,oz,1 oz (28g),113,7,9,5,1,0,0,174,0,0,0,0,USDA (cheddar avg.),Per 1 oz (28g).,cup,oz,4,USDA (shredded cheese),Approx 1 cup shredded cheese ≈ 4 oz.,,,,
chicken-breast,Chicken breast,false,false,false,1,lb,1 lb,520,96,14,3,0,0,0,308,0,0,0,0,(duplicate of chicken breast),Per 1 lb raw boneless skinless breast (~453g).,cup,lb,0.31,USDA (cooked chicken),Approx 1 cup chopped cooked chicken (140g) ≈ 0.31 lb.,,,,
chicken-broth,Chicken broth,false,false,false,1,cup,1 cup,15,1,0,0,1,0,0,860,0,0,0,0,(duplicate entry),Per 1 cup (240ml).,,,,,,ml,1.0,USDA (broth density),Approx 1 ml ≈ 1 g.
chili-powder,Chili powder,false,false,false,1,tsp,1 tsp,8,0.3,0.44,0.08,1.42,0.19,0.9,26,7,0.37,50,1.7,USDA,Per 1 tsp.,,,,,,,,,
chocolate-chips,Chocolate chips,false,false,true,1,cup,1 cup (168g),805,7,50,30,106,92,4,8,0,0,0,0,USDA (semisweet chips),Per 1 cup (168g).,oz,cup,0.1667,USDA (chocolate chips),Approx 6 oz chips ≈ 1 cup.,,,,
chopped-nuts,Chopped nuts,false,false,false,1,cup,1 cup,800,24,70,10,20,6,12,10,150,5,600,1,USDA,approx. mix,,,,,,,,,
cilantro,Cilantro,false,false,false,1,cup,1 cup (16g),4,0.3,0.1,0,0.7,0.1,0.6,7,0,0,0,0,USDA (cilantro),Per 1 cup (16g).,,,,,,,,,
cinnamon,Cinnamon,false,false,false,1,tsp,1 tsp (2.6g),6,0.1,0,0,2.1,0,1.4,0.5,0,0,0,0,USDA (ground cinnamon),Per 1 tsp (2.6g).,,,,,,,,,
cocoa-powder,Cocoa powder,false,false,false,1,tbsp,1 tbsp (5g),12,1.1,0.74,0.44,3.1,0.09,2,1.1,6.9,0.75,82.3,0,USDA,"Per 1 tbsp (5g), unsweetened cocoa powder.",,,,,,,,,
coconut-aminos,Coconut aminos,false,false,false,1,tbsp,1 Tbsp (15ml),15,0,0,0,3,2,0,270,0,0,0,0,Mfr. label (coconut aminos),Per 1 Tbsp (15ml).,,,,,,,,,
coconut-cream,Coconut cream,false,false,false,1,tbsp,1 Tbsp (15g),90,0.8,9.5,8.5,1,1,0,5,0,0,0,0,USDA (coconut cream),Per 1 Tbsp (15g).,,,,,,,,,
coconut-milk,Full-fat coconut milk,false,false,false,1,cup,1 cup (240ml),445,4.6,48,43,6.3,6,0,40,0,0,0,0,USDA (unsweet. coconut),Per 1 cup (240ml).,,,,,,,,,
coconut-oil,Coconut oil,false,false,false,1,tbsp,1 Tbsp (14g),121,0,13.5,11.8,0,0,0,0,0,0,0,0,USDA (coconut oil),Per 1 Tbsp (14g).,,,,,,,,,
collard-greens,Collard greens,false,false,false,1,cup,"1 cup, cooked chopped (190g)",63,5.1,1.4,0.3,10.7,0.4,8,6,0,0,0,0,"USDA (collards, cooked)","Per 1 cup cooked, chopped (190g).",oz,cup,0.8,USDA (collard greens),Approx 1 oz chopped ≈ 0.8 cup.,,,,
cooked-chicken,Cooked chicken,false,false,false,1,cup,1 cup (140g),231,35,7,2,0,0,0,70,0,0,0,0,USDA (roast chicken),Per 1 cup (140g).,,,,,,,,,
corn,Corn,false,false,false,1,cup,1 cup (165g),177,5.4,2.1,0.32,41.2,5.2,4.6,28,0,0,0,0,USDA (yellow corn),Per 1 cup (165g).,lb,cup,2.7,USDA (corn kernels),Approx 1 lb corn kernels ≈ 2.7 cups.,,,,
cornstarch,Cornstarch,false,false,false,1,cup,1 cup (128g),488,0.3,0.05,0,117,0,0,0,0,0,0,0,USDA (cornstarch),Per 1 cup (128g).,,,,,,,,,
cream,Cream,false,false,true,1,tbsp,1 Tbsp (15ml),52,0.3,5.5,3.5,0.4,0.4,0,5,0,0,0,0,USDA (heavy cream),Per 1 Tbsp (15ml).,,,,,,,,,
cream-cheese,Cream cheese,false,false,true,1,oz,1 oz,99,1.8,9.9,5.7,0.8,0.8,0,90,23,0.2,27,0,USDA,full-fat,,,,,,,,,
cream-of-celery-soup,Cream of celery soup,true,false,true,1,count,10.5 oz can,250,2.5,17.5,2.5,20,2,1,2125,40,0.5,200,0,Label,condensed,can,count,1,Label,1 can counts as 1 unit.,,,,
cream-of-chicken-soup,Cream of chicken soup,true,false,true,1,count,10.5 oz can,300,5,20,5,25,2,0,2150,30,1,250,0,Label,condensed,can,count,1,Label,1 can counts as 1 unit.,,,,
cream-of-tartar,Cream of tartar,false,false,false,1,tsp,1 tsp,8,0,0,0,1.84,0,0,2,0,0.11,495,0,USDA,high potassium,,,,,,,,,
crescent-rolls,Crescent rolls,true,true,true,1,count,1 can (8 rolls),800,16,36,16,96,24,4,1760,80,2,320,0,Label,refrigerated dough,package,count,8,brandless default,Assumed 1 package yields 8 rolls.,,,,
crushed-tomatoes,Crushed tomatoes,false,false,false,1,cup,1 cup (240g),45,2,0.2,0,10,7,2,600,60,2,600,20,USDA,Per 1 cup canned crushed tomatoes (240g).,can,cup,1.7,USDA (canned tomatoes),Approx 14.5 oz can ≈ 1.7 cups.,,,,
dairy-free-chocolate-chips,Dairy-free chocolate chips,false,false,false,1,cup,1 cup (168g),780,6,42,30,100,75,8,10,0,0,0,0,Est. (similar to semisweet),Per 1 cup (168g).,,,,,,,,,
diced-tomatoes,Diced tomatoes,false,false,false,1,cup,1 cup (240g),45,2,0.2,0,10,7,2,600,0,0,0,0,USDA (canned tomatoes),Per 1 cup canned diced tomatoes (240g).,can,cup,1.7,USDA (canned tomatoes),Approx 14.5 oz can ≈ 1.7 cups.,,,,
dried_thyme,Dried thyme,false,false,false,1,tsp,1 tsp,3,0.1,0.1,0,0.9,0,0.6,2,0,0,0,0,(duplicate entry),Per 1 tsp.,,,,,,,,,
egg,Egg,false,true,false,1,count,1 large (≈50g),72,6.3,4.8,1.6,0.4,0.2,0,71,0,0,0,0,USDA (large egg),Per 1 large (≈50g).,,,,,,,,,
egg-noodles,Egg noodles,true,true,false,2,oz,2 oz (56g) dry,210,8,2,0.4,40,1,2,8,20,0.9,30,0,USDA,Per 2 oz dry (about 1 cup cooked).,lb,cup,4,USDA (dry egg noodles),Approx 1 lb dry egg noodles ≈ 4 cups.,,,,
egg-replacer,Egg replacer,false,false,false,1,tbsp,1 Tbsp (10g),35,0,0,0,7,0,1,320,0,0,0,0,Bob’s Red Mill (vegan),Per 1 Tbsp (10g).,,,,,,,,,
egg-yolk,Egg yolk,false,true,false,1,count,1 large yolk,55,2.7,4.5,1.6,0.6,0.1,0,8,0,0,0,0,MNT (egg yolk),Per 1 large yolk.,,,,,,,,,
food-coloring,Food coloring,false,false,false,1,tsp,1 tsp (5g),5,0,0,0,1,1,0,0,0,0,0,0,(negligible),Per 1 tsp (5g).,,,,,,,,,
garlic,Garlic,false,false,false,1,clove,1 clove,4,0.2,0,0,0.9,0.03,0.1,0.5,0,0,0,0,(duplicate entry),Per 1 clove (3g).,piece,clove,1,USDA (garlic),Treat 1 piece as 1 clove.,,,,
gf-flour-blend,Gluten-free flour blend,false,false,false,1,cup,1 cup (120g),440,8,4,0,92,0,4,0,0,0,0,0,Good&Gather GF blend,Per 1 cup (120g).,,,,,,,,,
ginger,Ginger,false,false,false,1,tsp,1 tsp grated (2g),2,0,0,0,0.4,0,0.1,0.3,0,0,0,0,USDA (ginger root),Per 1 tsp grated (2g).,inch,tsp,3,USDA (ginger root),Approx 1 inch ginger ≈ 1 tbsp grated (3 tsp).,,,,
graham-cracker-crumbs,Graham cracker crumbs,true,false,false,1,cup,1/4 cup (28g),121,1.9,3.0,0.45,21.7,6.9,1.0,144,21.5,1.06,47.6,0,USDA,"Per 1/4 cup (28g), computed from plain graham crackers.",,,,,,,,,
green-beans,Green beans,false,false,false,1,cup,"1 cup (150g), canned drained",30,1.5,0,0,6.5,2,3,6,0,0,0,0,USDA (canned green beans),"Per 1 cup canned, drained (150g).",can,cup,2,USDA (canned green beans),Approx 14.5 oz can ≈ 2 cups.,,,,
green-olives,Green olives,false,false,false,1,oz,1 oz,41,0.3,4.3,0.6,1.1,0.2,0.9,442,15,0.14,12,0,USDA,"canned, pitted",tbsp,oz,0.3,USDA (green olives),Approx 1 tbsp chopped olives ≈ 0.3 oz.,,,,
green-onion,Green onion,false,false,false,1,count,1 medium (15g),5,0.27,0.03,0,1.1,0.4,0.4,2.4,10.8,0.22,41.4,2.8,USDA,"Per 1 medium (15g), raw scallion.",cup,count,6,USDA (scallions),Approx 1 cup chopped ≈ 6 scallions.,,,,
green-pepper,Green pepper,false,false,false,1,count,1 pepper,24,1,0.2,0.07,5.5,3,2,4,12,0.4,208,95.7,USDA,medium (119g),tbsp,count,0.0625,USDA (green pepper),Approx 1 pepper ≈ 1 cup chopped (16 tbsp).,,,,
ground-beef,Ground beef,false,false,false,1,lb,1 lb (raw),1150,77,90,36,0,0,0,98,0,0,0,0,USDA (80% lean),Per 1 lb (raw).,,,,,,,,,
ground-turkey,Ground turkey,false,false,false,1,lb,,640,0,0,0,0,0,0,0,0,0,0,0,USDA FoodData Central,93% lean ground turkey per pound.,,,,,,,,,
hamburger-buns,Hamburger buns,true,false,false,1,count,1 bun,150,5,2.5,0.5,27,4,1,230,40,1.5,50,0,USDA,enriched wheat,,,,,,,,,
heavy_cream,Heavy cream,false,false,true,1,tbsp,1 Tbsp,52,0.3,5.5,3.5,0.4,0.4,0,5,0,0,0,0,(duplicate entry),Per 1 Tbsp.,,,,,,,,,
hot-dog-buns,Hot dog buns,true,false,false,1,count,1 bun,140,4,2,0.5,26,4,1,230,40,1.4,50,0,USDA,enriched wheat,,,,,,,,,
italian_seasoning,Italian seasoning,false,false,false,1,tsp,1 tsp (2g),5,0.2,0.1,0,1,0.1,0.6,1,0,0,0,0,USDA (Italian herb mix),Per 1 tsp (2g).,,,,,,,,,
kale,Kale,false,false,false,1,cup,"1 cup, chopped (21g)",7,0.6,0.3,0,0.9,0.2,0.8,10,0,0,0,0,USDA (kale),"Per 1 cup, chopped (21g).",,,,,,,,,
ketchup,Ketchup,false,false,false,1,tbsp,1 Tbsp,15,0,0,0,4,3.2,0,160,3,0.1,40,1,USDA,Per 1 Tbsp.,,,,,,,,,
kidney-beans,Kidney beans,false,false,false,1,cup,1 cup (177g),215,13,0.8,0.1,37,1,13,3.5,49.6,5.2,713.3,2.1,USDA,"Per 1 cup (177g), cooked/boiled without salt.",lb,cup,2.6,USDA (cooked kidney beans),Approx 1 lb cooked beans ≈ 2.6 cups.,,,,
leek,Leek,false,false,false,1,count,1 leek (89g),54,1,0.3,0.1,13,3.5,2,18,0,0,0,0,USDA (raw leek),Per 1 leek (89g).,cup,count,1,USDA (leek),Approx 1 cup sliced ≈ 1 leek.,,,,
lemon,Lemon,false,false,false,1,count,1 medium (58g),17,0.6,0.2,0.02,5.4,1.5,1.6,1,0,0,0,0,USDA (raw lemon),Per 1 medium (58g).,tbsp,count,0.33,USDA (lemon juice),Approx 1 lemon ≈ 3 tbsp juice.,,,,
lime,Lime,false,false,false,1,count,1 medium (67g),20,0.5,0.1,0,7,1.1,1.9,2,0,0,0,0,USDA (raw lime),Per 1 medium (67g).,,,,,,,,,
macaroni,Macaroni,true,false,false,1,cup,1 cup,320,11,1.5,0.3,65,2,3,5,0,3,0,0,USDA,"elbow, uncooked",,,,,,,,,
mandarin-oranges,Mandarin oranges,false,false,false,0.5,cup,1/2 cup drained,90,0.5,0,0,22,20,1,10,40,0.5,160,27,USDA,"Per 1/2 cup canned mandarin oranges, light syrup.",can,cup,1.5,USDA (canned mandarin),Approx 11 oz can ≈ 1.5 cups.,,,,
margarine,Margarine,false,false,true,1,tbsp,1 Tbsp,100,0,11,2,0,0,0,90,0,0,0,0,Label,"stick, salted",,,,,,,,,
mayonnaise,Mayonnaise,false,true,false,1,tbsp,1 Tbsp,90,0,10,1.5,0,0,0,90,0,0,0,0,USDA,full-fat,,,,,,,,,
milk,Milk,false,false,true,1,cup,1 cup (240ml),150,8,8,4.5,12,12,0,95,0,0,0,0,U.S. Dairy (whole milk),Per 1 cup (240ml).,can,cup,1.5,USDA (evaporated milk),Approx 1 (12 oz) can ≈ 1.5 cups.,,,,
mixed-vegetables,Mixed vegetables,false,false,false,1,cup,1 cup (140g),118,4.5,0.8,0.1,22,5,7,45,0,0,0,0,USDA (mixed veg blend),Per 1 cup (140g).,,,,,,,,,
molasses,Molasses,false,false,false,1,tbsp,1 Tbsp (20g),58,0,0,0,15,11.1,0,8,0,0,0,0,USDA (molasses),Per 1 Tbsp (20g).,,,,,,,,,
mushrooms,Mushrooms,false,false,false,1,cup,1 cup,15,2.2,0.2,0.03,2.3,1.4,0.7,5,3,0.5,223,2,USDA,"raw, sliced",,,,,,,,,
mustard_powder,Mustard powder,false,false,false,1,tsp,1 tsp (2g),6,0.3,0.4,0,0.4,0.2,0.2,0.5,0,0,0,0,USDA (dry mustard),Per 1 tsp (2g).,,,,,,,,,
nacho-chips,Nacho chips,false,false,false,1,oz,1 oz (28g),147,2.1,7.8,1.1,17.3,0.74,1.4,196.2,38.9,0.33,63.3,0.11,USDA,Per 1 oz (28g).,bag,oz,10,brandless default,Assumed 10 oz bag.,,,,
neutral-oil,Neutral oil,false,false,false,1,tbsp,1 Tbsp (14g),124,0,14,0.99,0,0,0,0,0,0,0,0,USDA (canola oil),Per 1 Tbsp (14g).,,,,,,,,,
nondairy-yogurt,Non-dairy yogurt,false,false,false,1,cup,1 cup (245g),130,10,6,0.5,7,2,2,60,0,0,0,0,WholeSoy unsweetened,Per 1 cup (245g).,,,,,,,,,
noodles,Noodles,true,false,false,2,oz,2 oz (56g) dry,200,7,1,0.2,42,1,2.5,0,10,0.7,30,0,USDA,Per 2 oz dry pasta.,oz,cup,0.129,USDA (dry pasta),Approx 7.75 oz dry noodles ≈ 1 cup.,,,,
nutmeg,Nutmeg,false,false,false,1,tsp,1 tsp (2.2g),12,0.1,0.8,0.7,1.1,0.3,0.5,1,0,0,0,0,USDA (ground nutmeg),Per 1 tsp (2.2g).,,,,,,,,,
oat-flour,Oat flour (gluten-free),false,false,false,1,cup,1 cup (104g),420,15.3,9.5,0.9,68.3,0.83,6.8,20,0,0,0,0,USDA (oat flour),Per 1 cup (104g).,,,,,,,,,
oat-milk,Oat milk,false,false,false,1,cup,1 cup (240ml),120,3,5,0.5,16,7,2,101,0,0,0,0,USDA (fortified oat),Per 1 cup (240ml).,,,,,,,,,
olive_oil,Olive oil,false,false,false,1,tbsp,1 Tbsp (14g),119,0,13.5,1.9,0,0,0,0,0,0,0,0,USDA (olive oil),Per 1 Tbsp (14g).,,,,,,,,,
onion,Onion,false,false,false,1,count,1 medium (110g),44,1.2,0.1,0,10,4.7,1.9,4,0,0,0,0,USDA (med. onion),Per 1 medium (110g).,tbsp,count,0.09,USDA (onion),Approx 1 medium onion ≈ 11 tbsp chopped.,,,,
onion-flakes,Onion flakes,false,false,false,1,tbsp,1 Tbsp,17,0.5,0,0,4.2,2,0,1,13,0.08,81,3.8,USDA,dehydrated,,,,,,,,,
onion_powder,Onion powder,false,false,false,1,tsp,1 tsp (2.8g),10,0.3,0,0,2.3,0.9,0.4,2,0,0,0,0,USDA (onion powder),Per 1 tsp (2.8g).,,,,,,,,,
orange-gelatin,Orange gelatin,false,false,false,1,count,1 package (3 oz),320,0,0,0,80,80,0,100,0,0,0,0,Label,sweetened mix,package,count,1,Label,1 package counts as 1 unit.,,,,
orange-sherbet,Orange sherbet,false,false,true,1,cup,1 cup,214,1,3.4,1.7,45,38,0,80,100,0.3,150,0,USDA,Per 1 cup.,,,,,,,,,
paprika,Paprika,false,false,false,1,tsp,1 tsp,6,0.3,0.27,0.04,1.17,0.22,0.79,1,4,0.5,49,1.5,USDA,Per 1 tsp.,,,,,,,,,
parmesan_cheese,Parmesan cheese,false,false,true,1,oz,1 oz (28g),111,10,7.3,4.8,1,0,0,416,0,0,0,0,USDA (Parm. cheese),Per 1 oz (28g).,tbsp,oz,0.2,USDA (parmesan),Approx 1 tbsp grated parmesan ≈ 0.2 oz.,,,,
parsley,Parsley,false,false,false,1,tbsp,1 Tbsp (4g),1,0.1,0,0,0.2,0.1,0.1,2,0,0,0,0,USDA (parsley),Per 1 Tbsp (4g).,,,,,,,,,
peanut-butter,Peanut butter,false,false,false,1,tbsp,1 Tbsp,95,4,8,1.5,3,1.5,1,70,5,0.5,90,0,USDA,"creamy, salted",,,,,,,,,
peanuts,Peanuts,false,false,false,1,oz,1 oz,160,6.5,14,2,6,1,2,5,17,0.6,187,0,USDA,"dry-roasted, unsalted",cup,oz,5,USDA (peanuts),Approx 1 cup peanuts ≈ 5 oz.,,,,
pear-halves,Pear halves,false,false,false,1,count,1 half (128g),70,0.3,0,0,18,13,2,2,0,0,0,0,USDA (canned pear),Per 1 canned pear half in syrup (128g).,pint,count,8,USDA (canned pears),Approx 1 pint ≈ 8 pear halves.,,,,
peas,Peas,false,false,false,1,cup,1 cup (145g),118,8,0.5,0.1,21,8,7,5,0,0,0,0,MNT (green peas),Per 1 cup (160g).,lb,cup,2.8,USDA (green peas),Approx 1 lb peas ≈ 2.8 cups.,,,,
pimiento,Pimiento,false,false,false,1,oz,1 oz,9,0,0,0,2,0.5,0.5,50,6,0.1,10,8,USDA,canned red pepper,tbsp,oz,0.3,USDA (pimiento),Approx 1 tbsp chopped pimiento ≈ 0.3 oz.,,,,
pinto-beans,Pinto beans,false,false,false,1,cup,1 cup (171g),195,12,1,0.2,35,1,12,2,0,0,0,0,USDA (cooked pintos),Per 1 cup (171g).,can,cup,2.5,USDA (canned beans),Approx 15 oz can ≈ 2.5 cups.,,,,
pork-chop,Pork chop,false,false,false,1,count,1 chop (boneless ~113g),210,30,9,3.2,0,0,0,59,0,0,0,0,USDA (pork loin chop),Per 1 chop (boneless ~113g).,,,,,,,,,
potato,Potato,false,false,false,1,count,1 medium (150g),110,3,0.1,0,26,1.5,2,13,0,0,620,20,USDA (med. potato),"Per 1 medium russet potato (150g), raw with skin.",cup,count,0.85,USDA (potato),Approx 1 cup diced potato (150g) ≈ 0.85 medium.,,,,
powdered-sugar,Powdered sugar,false,false,false,1,cup,1 cup (unsifted),467,0,0,0,119.7,119.7,0,0,0,0,0,0,USDA (confectioners),Per 1 cup (unsifted).,,,,,,,,,
prepared-mustard,Prepared mustard,false,false,false,1,tbsp,1 Tbsp,9,0.5,0.1,0,1.5,0.5,0.5,168,5,0.1,10,0,USDA,Per 1 Tbsp.,,,,,,,,,
psyllium-husk,Psyllium husk,false,false,false,1,tbsp,1 Tbsp,16,0,0,0,4,0,4,5,2,0.1,20,0,Label,fiber supplement,,,,,,,,,
pumpkin-puree,Pumpkin puree,false,false,false,1,cup,1 cup,83,2.7,0.7,0.4,19.8,8,7.1,12,38,1.4,564,10,USDA,canned,,,,,,,,,
pumpkin-spice,Pumpkin spice,false,false,false,1,tsp,1 tsp,6,0.1,0.21,0.11,1.18,0.13,0.25,1,12,0.34,11,0.4,USDA,"blend (cinnamon, ginger, etc.)",,,,,,,,,
rice,Rice,false,false,false,1,cup,1 cup (185g),685,13.2,1.9,0.4,148,0.1,2.4,9,0,0,0,0,USDA (uncooked rice),Per 1 cup (185g).,,,,,,,,,
rice-flour,Rice flour,false,false,false,1,cup,1 cup (158g),578,9.4,2.2,0.61,126.6,0,2,0,0,0,0,0,USDA (rice flour),Per 1 cup (158g).,,,,,,,,,
rotel,Rotel tomatoes with green chiles,false,false,false,1,oz,1 can (10 oz),60,3,0,0,14,7.5,3,950,30,1,700,15,Label,"diced, salted",can,oz,10,brandless default,Assumed 10 oz can.,,,,
salsa,Salsa,false,false,false,1,tbsp,1 Tbsp (15g),5,0,0,0,1,0.5,0.2,80,0,0,0,0,USDA (jarred salsa),Per 1 Tbsp jarred salsa.,oz,tbsp,2,USDA (salsa),Approx 1 oz salsa ≈ 2 tbsp.,,,,
salt,Salt,false,false,false,1,tsp,1 tsp,0,0,0,0,0,0,0,2300,0,0,0,0,(duplicate entry),Per 1 tsp (6g).,,,,,,tsp,6,USDA (table salt),Approx 1 tsp table salt.
sausage,Sausage,false,false,false,1,count,1 link (55g),85,4.2,7.4,2.5,0,0,0,330,0,0,0,0,USDA (pork sausage avg.),Per small pork sausage link (55g).,lb,count,10,USDA (pork sausage),Approx 10 links per lb (45g each).,,,,
seasoned-salt,Seasoned salt,false,false,false,1,tsp,1 tsp,5,0.2,0,0,1.1,0.6,0.2,1490,4,0,13,0,Label,salt & spice blend,,,,,,,,,
sesame-seeds,Sesame seeds,false,false,false,1,tbsp,1 tbsp (9g),52,1.6,4.5,0.63,2.1,0.03,1.1,0.99,87.8,1.3,42.1,0,USDA,"Per 1 tbsp (9g), whole dried.",,,,,,,,,
shallot,Shallot,false,false,false,1,count,1 medium (30g),22,0.8,0,0,5,1,0.8,1,0,0,0,0,FoodStruct (shallot),Per 1 medium (30g).,,,,,,,,,
shortening,Shortening,false,false,false,1,tbsp,1 Tbsp (12g),110,0,12,3.5,0,0,0,0,0,0,0,0,Crisco (shortening),Per 1 Tbsp (12g).,,,,,,,,,
shredded-coconut,Shredded coconut,false,false,false,1,cup,1 cup,283,2.7,26.8,24,12.2,5,7,16,9,2.3,285,2,USDA,unsweetened,,,,,,,,,
soy_sauce,Soy sauce,true,false,false,1,tbsp,1 Tbsp (15ml),8,1.3,0,0,0.8,0.1,0,879,0,0,0,0,USDA (soy sauce),Per 1 Tbsp (15ml).,,,,,,,,,
stew-beef,Stew beef,false,false,false,1,lb,1 lb (454g),1000,100,66,25,0,0,0,320,40,12,1100,0,USDA,raw trim avg.,,,,,,,,,
stewed-tomatoes,Stewed tomatoes,false,false,false,1,cup,1 cup (240g),45,2,0.2,0,10,7,2,600,40,1,370,8,USDA,Per 1 cup canned stewed tomatoes (240g).,can,cup,1.7,USDA (canned tomatoes),Approx 14.5 oz can ≈ 1.7 cups.,,,,
sugar,Sugar,false,false,false,1,tbsp,1 Tbsp (12.5g),49,0,0,0,13,13,0,0,0,0,0,0,USDA (white sugar),Per 1 Tbsp (12.5g).,,,,,,,,,
sweet-pickles,Sweet pickles,false,false,false,1,oz,1 oz,34,0,0,0,8,7,0,170,5,0.1,10,0,USDA,Per 1 oz sweet pickles.,tbsp,oz,0.5,USDA (sweet pickles),Approx 1 tbsp chopped sweet pickles ≈ 0.5 oz.,,,,
sweet-potato,Sweet potato,false,false,false,1,count,1 medium (130g),112,2,0.1,0,26,5,4,41,0,0,0,0,USDA (med. sweet potato),Per 1 medium baked sweet potato (130g).,cup,count,1.08,"USDA (sweet potato, cubes vs medium)",Approx 1 cup cubes (~140g) ≈ 1.08 medium (130g).,count,130,USDA (med. sweet potato),1 medium sweet potato (130g).
tapioca-starch,Tapioca starch,false,false,false,1,cup,1 cup (120g),424,0,0,0,105,0,1,11,0,0,0,0,USDA (tapioca),Per 1 cup (120g).,,,,,,,,,
teriyaki-sauce,Teriyaki sauce,true,false,false,1,tbsp,1 Tbsp (18g),16,0.6,0,0,3.2,2.8,0,690,0,0,0,0,USDA (teriyaki sauce),Per 1 Tbsp (18g).,,,,,,,,,
thyme,Thyme,false,false,false,1,tsp,1 tsp (1g),3,0.1,0.1,0,0.9,0,0.6,2,0,0,0,0,USDA (dried thyme),Per 1 tsp (1g).,sprig,tsp,0.2,USDA (fresh thyme),Approx 1 sprig fresh thyme ≈ 0.2 tsp dried.,sprig,0.2,USDA (fresh thyme),Approx 1 sprig ~0.2 g.
toasted-sesame-oil,Toasted sesame oil,false,false,false,1,tbsp,1 Tbsp (14g),120,0,14,2,0,0,0,0,0,0,0,0,USDA (sesame oil),Per 1 Tbsp (14g).,,,,,,,,,
tomato-paste,Tomato paste,false,false,false,1,tbsp,1 Tbsp,13,0.7,0.1,0,3,1.5,0.5,4,3,0.4,162,2,USDA,Per 1 Tbsp.,,,,,,,,,
tomato-sauce,Tomato sauce,false,false,false,1,cup,1 cup (245g),59,2,0,0,14,8.8,3,879,0,0,0,0,USDA (canned tomato sauce),Per 1 cup (245g).,can,cup,1,USDA (tomato sauce),Approx 8 oz can ≈ 1 cup.,,,,
tomato-soup,Tomato soup,false,false,false,1,count,10.5 oz can,225,5,0,0,50,30,2.5,1200,20,2,600,0,Label,Per 10.5 oz can condensed (2.5 servings at 90 kcal each).,can,count,1,Label,1 can counts as 1 unit.,,,,
tomatoes,Tomatoes,false,false,false,1,count,1 medium (123g),22,1.1,0.25,0.03,4.8,3.2,1.5,6.2,12.3,0.33,291.5,16.9,USDA,"Per 1 medium tomato (123g), raw year-round average.",lb,count,3.7,USDA (tomato),Approx 3.7 medium tomatoes per lb.,,,,
tuna,Tuna,false,false,false,1,count,1 can (5 oz),110,25,1,0.2,0,0,0,479,16,2.17,336,0,USDA,"Per 5 oz can tuna in water, drained.",can,count,1,USDA (canned tuna),1 can counts as 1 unit.,,,,
turkey,Turkey,false,false,false,1,cup,1 cup,250,35,10,3,0,0,0,80,20,2,250,0,USDA,roasted mix cuts,,,,,,,,,
turmeric-powder,Turmeric powder,false,false,false,1,tsp,1 tsp (3g),9,0.2,0.3,0.1,1.8,0.1,0.5,1,0,0,0,0,USDA (ground turmeric),Per 1 tsp (3g).,,,,,,,,,
vanilla-extract,Vanilla extract,false,false,false,1,tsp,1 tsp (5ml),12,0,0,0,0.53,0.53,0,0,0,0,0,0,USDA (vanilla extract),Per 1 tsp (5ml).,,,,,,,,,
vanilla-pudding-powder,Vanilla pudding powder,false,false,true,1,count,1 package (3.4 oz),373,0,0,0,88,88,0,1400,0,0,0,0,Label,Per 1 package (99g) instant dry mix.,tbsp,count,0.09,Label (pudding mix),Approx 1 package (3.4 oz) ≈ 11 tbsp.,,,,
vegan-butter,Vegan butter,false,false,false,1,tbsp,1 Tbsp (14g),102,0.1,11.4,1.84,0.1,0,0,153,0,0,0,0,USDA (80% fat margarine),Per 1 Tbsp (14g).,,,,,,,,,
vegetable-oil,Vegetable oil,false,false,false,1,tbsp,1 Tbsp (14g),119,0,13.5,1.8,0,0,0,0,0,0,0,0,USDA (olive/veg oil),Per 1 Tbsp (14g).,,,,,,,,,
velveeta,Velveeta,false,false,true,1,oz,1 oz (28g),85,4.6,6.2,4,2.7,2.3,0,420,130,0.05,94,0,USDA,processed cheese,,,,,,,,,
vinegar,Vinegar,false,false,false,1,tbsp,1 Tbsp,3,0,0,0,0.1,0,0,0,1,0,0,0,USDA,Per 1 Tbsp.,,,,,,,,,
water,Water,false,false,false,1,cup,1 cup (240ml),0,0,0,0,0,0,0,0,0,0,0,0,(plain water),Per 1 cup (240ml).,,,,,,,,,
watercress,Watercress,false,false,false,1,cup,1 cup (34g),4,0.8,0,0,0.4,0.1,0.2,14,0,0,0,0,USDA (watercress),Per 1 cup (34g).,,,,,,,,,
wheat-flour,Wheat flour,true,false,false,1,cup,1 cup,455,12.9,1.2,0.2,95.4,0.3,3.4,2.5,0,0,0,0,(duplicate entry),Per 1 cup (125g).,,,,,,,,,
whipped-cream,Whipped cream,false,false,true,1,cup,1 cup,154,1.6,13,8,7,7,0,20,50,0,40,0,Label,aerosol whipped,,,,,,,,,
white-pepper,White pepper,false,false,false,1,tsp,1 tsp,7,0.3,0.05,0.02,1.65,0,0.6,0,6,0.34,2,0.5,USDA,Per 1 tsp.,,,,,,,,,
white-sugar,Granulated white sugar,false,false,false,1,tbsp,1 Tbsp,49,0,0,0,13,13,0,0,0,0,0,0,Same as granulated sugar (above),Per 1 Tbsp.,,,,,,,,,
whole-tomatoes,Whole tomatoes,false,false,false,1,count,1 can (28 oz),150,7,0.5,0.1,35,25,10,1400,100,3.5,1000,30,USDA,"canned, salted",can,oz,28,brandless default,Assumed 28 oz can.,,,,
worcestershire_sauce,Worcestershire sauce,false,false,false,1,tbsp,1 Tbsp (17g),13,0.3,0,0,3.1,2.4,0,167,0,0,0,0,USDA (Worcestershire),Per 1 Tbsp (17g).,,,,,,,,,
xanthan-gum,Xanthan gum,false,false,false,1,tsp,1 tsp,10,0,0,0,3,0,3,0,0,0,0,0,Label,thickener,,,,,,,,,
